path,language,bytes
scripts/amend_noaa_gfs_multiseason_preregister_v2.py,py,12525
scripts/amend_noaa_gfs_track_a_decoder_v3.py,py,8544
scripts/assemble_spatial_v2_corrected_v3.py,py,20032
scripts/audit_breakthrough_final.py,py,3598
scripts/audit_density_ratio_reweight.py,py,8131
scripts/audit_direct_interval_g2_posthoc_rescue.py,py,13725
scripts/audit_direct_interval_g2_posthoc_rescue_v5.py,py,25034
scripts/audit_direct_interval_probability.py,py,15858
scripts/audit_direct_interval_selective_transfer.py,py,18285
scripts/audit_feature_exit_nonwind_cap025143_scale097_overlay.py,py,124523
scripts/audit_full_weather_ordinal_bayes_postrun_v2.py,py,6374
scripts/audit_full_weather_ordinal_bayes_stage2.py,py,8543
scripts/audit_full_weather_ordinal_bayes_stage2_raw_gpu.py,py,25407
scripts/audit_multi_nwp_agreement_gate_g12_final.py,py,9777
scripts/audit_multi_nwp_consensus_g23_rescue_readonly_v1.py,py,28746
scripts/audit_multi_nwp_joint_g12_readonly_v1.py,py,26533
scripts/audit_neural_interval_utility_transfer.py,py,13745
scripts/audit_noaa_gefs_operational_spread_00z_v10_decoder_gate.py,py,5767
scripts/audit_noaa_gfs_multiseason_raw_postrun_v1.py,py,271137
scripts/audit_noaa_gfs_multiseason_raw_postrun_v2.py,py,300379
scripts/audit_noaa_gfs_multiseason_raw_postrun_v3.py,py,361313
scripts/audit_noaa_gfs_multiseason_raw_postrun_v4.py,py,389142
scripts/audit_noaa_gfs_multiseason_raw_postrun_v5.py,py,481173
scripts/audit_noaa_gfs_multiseason_raw_postrun_v6.py,py,556811
scripts/audit_noaa_gfs_multiseason_raw_postrun_v7.py,py,614349
scripts/audit_noaa_gfs_multiseason_raw_postrun_v8.py,py,716167
scripts/audit_noaa_gfs_target_free_duplicate_v3.py,py,215429
scripts/audit_noaa_gfs_target_free_duplicate_v5.py,py,241761
scripts/audit_public_adaptive_scale097_ficr_g1_delta.py,py,14658
scripts/audit_public_adaptive_scale097_ficr_g1_delta_raw_gpu.py,py,19543
scripts/audit_public_adaptive_scale097_g2_delta.py,py,16512
scripts/audit_public_adaptive_scale097_g2_delta_raw_gpu.py,py,18844
scripts/audit_public_feedback_midnight_plan.py,py,17473
scripts/audit_raw_spatiotemporal_attention.py,py,10555
scripts/audit_raw_spatiotemporal_smooth_ficr_v2.py,py,14674
scripts/audit_safe_midnight_two_candidate_readiness.py,py,18780
scripts/audit_smooth_ficr_g2_interval_utility_transfer.py,py,8758
scripts/build_copernicus_dem_static_features.py,py,5645
scripts/build_features.py,py,5857
scripts/build_feature_exit_correlation_map.py,py,10068
scripts/build_gwa3_static_features.py,py,5843
scripts/build_kma_d1_1100_wsd_final_submission.py,py,27932
scripts/build_kma_d1_1100_wsd_final_submission_v8.py,py,12237
scripts/build_kma_d1_1100_wsd_posthoc_rank_probe_recovery3_v4.py,py,4834
scripts/build_kma_d1_1100_wsd_posthoc_rank_probe_v1.py,py,25115
scripts/build_multi_nwp_disjoint_g1joint_g2consensus.py,py,15998
scripts/build_multi_nwp_joint_g12_public_confirmed_w035.py,py,16123
scripts/build_nonwind_cap_v3_evidence.py,py,26898
scripts/build_openmeteo_hpbl_paired_sprint.py,py,39357
scripts/build_prob_turbine_composition.py,py,19189
scripts/build_public_global_scalar_bracket_096_098.py,py,11379
scripts/build_public_group_scale095_probe.py,py,17650
scripts/build_public_group_scale_probe.py,py,19901
scripts/build_public_scale_probe.py,py,17498
scripts/build_spatial_v2.py,py,9582
scripts/build_turbine_scada_power_attack.py,py,17621
scripts/build_two_submission_readiness_v1.py,py,8621
scripts/build_vertical_profile_direct_sprint.py,py,29920
scripts/build_vertical_profile_g2_probe.py,py,19105
scripts/build_vertical_profile_residual_sprint.py,py,29553
scripts/census_noaa_gefs_operational_spread_00z_v2.py,py,34455
scripts/census_noaa_gefs_operational_spread_upperair_v1.py,py,30496
scripts/census_noaa_gfs_multiseason_v2.py,py,28132
scripts/compose_ficr_bayes_v4.py,py,11842
scripts/diagnose_neural_interval_utility_gate.py,py,9497
scripts/diagnose_public_inverse_scale_feasibility.py,py,14768
scripts/download_copernicus_dem_terrain.py,py,7024
scripts/download_kma_asos216_lags.py,py,11600
scripts/download_kma_d1_1100_wsd_grid_sprint.py,py,15239
scripts/download_kma_d1_1100_wsd_grid_sprint_recovery.py,py,18649
scripts/download_kma_d1_1100_wsd_grid_sprint_v8.py,py,6062
scripts/download_kma_d1_1100_wsd_posthoc_rank_probe_v1.py,py,8309
scripts/download_kma_d1_1100_wsd_posthoc_rank_probe_v1_recovery.py,py,7861
scripts/download_kma_d1_1100_wsd_posthoc_rank_probe_v1_recovery2.py,py,8082
scripts/download_kma_d1_1100_wsd_posthoc_rank_probe_v1_recovery3.py,py,5228
scripts/download_noaa_gefs_operational_spread_00z_original_v10.py,py,50494
scripts/download_noaa_gefs_operational_spread_00z_original_v12.py,py,67503
scripts/download_noaa_gefs_operational_spread_00z_original_v2.py,py,55446
scripts/download_noaa_gefs_operational_spread_00z_original_v7.py,py,46356
scripts/download_noaa_hpbl_2024_sprint.py,py,32633
scripts/download_noaa_isd_synop_lags.py,py,15684
scripts/download_openmeteo_ecmwf_previous_runs.py,py,7629
scripts/download_openmeteo_gfs_revision_previous_runs.py,py,7924
scripts/download_openmeteo_icon_global_previous_runs.py,py,8609
scripts/download_openmeteo_jma_previous_runs.py,py,8641
scripts/download_openmeteo_jma_stage1_previous_runs.py,py,7393
scripts/download_openmeteo_multi_nwp_g23_rescue_2025.py,py,9069
scripts/evaluate_gate.py,py,26055
scripts/evaluate_noaa_hpbl_2024_sprint.py,py,18412
scripts/finalize_multi_nwp_consensus_g23_rescue_artifacts.py,py,5226
scripts/finalize_noaa_gfs_track_a_phase_c_placeholders.py,py,17692
scripts/finalize_phase_a_v2.py,py,9688
scripts/finalize_vertical_profile_g2_probe.py,py,10333
scripts/fit_multi_nwp_agreement_gate_g12_final.py,py,30514
scripts/fit_multi_nwp_consensus_g23_rescue_final.py,py,28260
scripts/freeze_breakthrough_manifest.py,py,2120
scripts/freeze_public_adaptive_scale097_postrun_manifest.py,py,4423
scripts/lock_dev_recipe.py,py,6415
scripts/make_smoothed_submission.py,py,3976
scripts/make_submission_variants.py,py,15542
scripts/materialize_kma_d1_1100_wsd_anchors.py,py,20705
scripts/materialize_kma_d1_1100_wsd_anchors_recovery.py,py,25868
scripts/materialize_kma_d1_1100_wsd_anchors_v8.py,py,8139
scripts/materialize_kma_d1_1100_wsd_posthoc_rank_probe_v1.py,py,6132
scripts/materialize_kma_d1_1100_wsd_posthoc_rank_probe_v1_recovery.py,py,6212
scripts/materialize_kma_d1_1100_wsd_posthoc_rank_probe_v1_recovery2_v3.py,py,6956
scripts/materialize_kma_d1_1100_wsd_posthoc_rank_probe_v1_recovery3_v4.py,py,4336
scripts/materialize_kma_d1_1100_wsd_posthoc_rank_probe_v1_recovery3_v5.py,py,4348
scripts/materialize_kma_d1_1100_wsd_posthoc_rank_probe_v1_recovery_v2.py,py,7340
scripts/preregister_noaa_gfs_multiseason_v2.py,py,14400
scripts/record_public_group_scale095_feedback.py,py,11855
scripts/record_public_group_scale_feedback.py,py,16868
scripts/record_public_scale_092_095_feedback_hybrid.py,py,17719
scripts/record_public_scale_feedback.py,py,24848
scripts/run_action_uplift_policy.py,py,48734
scripts/run_analog_run_retrieval.py,py,27627
scripts/run_breakthrough_headroom.py,py,13526
scripts/run_catboost_multiquantile_bayes.py,py,53859
scripts/run_catboost_residual_multiquantile_bayes.py,py,66257
scripts/run_common_cf_forward.py,py,48306
scripts/run_compact_physics_extratrees.py,py,25109
scripts/run_copernicus_dem_directional_exposure.py,py,28067
scripts/run_covariate_shift_feature_pruning.py,py,56537
scripts/run_covariate_shift_feature_pruning_v2.py,py,37606
scripts/run_covariate_shift_feature_pruning_v3.py,py,17407
scripts/run_crossyear_dro_antiensemble_h2.py,py,15022
scripts/run_daily_energy_ratio_g12.py,py,23487
scripts/run_density_ratio_reweight.py,py,32858
scripts/run_direct_interval_g2_posthoc_rescue.py,py,22988
scripts/run_direct_interval_g2_posthoc_rescue_v5.py,py,34049
scripts/run_direct_interval_probability.py,py,27683
scripts/run_direct_interval_scale097_margin0.py,py,24562
scripts/run_direct_interval_scale097_margin001.py,py,15399
scripts/run_direct_interval_selective_transfer.py,py,42947
scripts/run_ecmwf_ifs025_paired_increment.py,py,25688
scripts/run_esa_worldcover2020_directional_landcover.py,py,21036
scripts/run_esa_worldcover2020_selection_unsafe_deployment.py,py,19028
scripts/run_evidence_closure_v2.py,py,15677
scripts/run_exact_component_maximin_hpo.py,py,47275
scripts/run_feature_exit_nonwind_cap025143_scale097_overlay.py,py,62558
scripts/run_ficr_bayes_decision_strict.py,py,60741
scripts/run_ficr_consensus_corridor_sprint.py,py,11176
scripts/run_forest_leaf_empirical_bayes.py,py,15371
scripts/run_full_feature_year_qm.py,py,40026
scripts/run_full_weather_ordinal_bayes.py,py,31973
scripts/run_full_weather_ordinal_bayes_stage2_final.py,py,32284
scripts/run_full_weather_residual_pmf.py,py,42339
scripts/run_full_weather_residual_pmf_g13_scale097_confirmation.py,py,7680
scripts/run_g3_physical_powercurve_postgate.py,py,37380
scripts/run_g3_pseudo_candidate_replacement.py,py,17676
scripts/run_g3_pseudo_transfer.py,py,46963
scripts/run_g3_scada_aux_postgate.py,py,27433
scripts/run_gfs_global_revision_paired_increment.py,py,43247
scripts/run_gwa3_static_resource_stage1.py,py,10860
scripts/run_gwa3_static_resource_v2.py,py,40849
scripts/run_icing_regime_physics_g3.py,py,28482
scripts/run_icon_global_paired_increment.py,py,29441
scripts/run_jma_gsm_paired_increment.py,py,62940
scripts/run_kma_d1_1100_wsd_model_gate.py,py,30530
scripts/run_kma_d1_1100_wsd_model_gate_v8.py,py,3013
scripts/run_lead_time_experts.py,py,51231
scripts/run_long_lead_scale095.py,py,12437
scripts/run_model_zoo_diversity.py,py,39187
scripts/run_multi_nwp_agreement_gate_g12.py,py,21657
scripts/run_multi_nwp_consensus_g23_rescue.py,py,12344
scripts/run_multi_nwp_disjoint_expert_g12joint_g3consensus_confirmation.py,py,6879
scripts/run_multi_nwp_ficr_boundary_router.py,py,27090
scripts/run_multi_nwp_joint_disagreement_paired_increment.py,py,22530
scripts/run_multi_nwp_joint_g12_final.py,py,20136
scripts/run_multi_nwp_joint_g12_posthoc_rescue.py,py,12404
scripts/run_multi_nwp_parent_5050_hedge.py,py,16084
scripts/run_ncei_scada_phase0.py,py,5616
scripts/run_nested_timeseries_hpo.py,py,53954
scripts/run_neural_interval_utility_transfer.py,py,35565
scripts/run_noaa_gefs_operational_spread_00z_paired_increment_v10.py,py,14577
scripts/run_noaa_gefs_operational_spread_00z_paired_increment_v12.py,py,20594
scripts/run_noaa_gefs_operational_spread_00z_paired_increment_v2.py,py,55799
scripts/run_noaa_gefs_operational_spread_00z_paired_increment_v7.py,py,12854
scripts/run_noaa_gfs_multiseason_decode_recovery_v1.py,py,128749
scripts/run_noaa_gfs_multiseason_decode_recovery_v2.py,py,153970
scripts/run_noaa_gfs_multiseason_raw_v2.py,py,81831
scripts/run_noaa_gfs_target_free_duplicate_v3.py,py,360573
scripts/run_noaa_gfs_target_free_duplicate_v5.py,py,390322
scripts/run_nwp_2025_covariate_version_shift_forensic.py,py,24287
scripts/run_nwp_source_postgate.py,py,26637
scripts/run_official_rf_baseline.py,py,41554
scripts/run_probabilistic_diversity_g3.py,py,21820
scripts/run_probabilistic_ficr.py,py,44684
scripts/run_probabilistic_spatial_g3.py,py,19979
scripts/run_public_adaptive_scale097_ficr_g1_delta.py,py,20827
scripts/run_public_adaptive_scale097_g1g3_g2rescue.py,py,21819
scripts/run_public_adaptive_scale097_g2_delta.py,py,23157
scripts/run_public_adaptive_scale097_neural_fixed_delta_diagnostic.py,py,13874
scripts/run_public_fixed_scale095_highcf050.py,py,16632
scripts/run_public_fixed_scale095_lowcf025.py,py,23150
scripts/run_public_fixed_scale095_lowcf025_g1g3_rescue.py,py,15245
scripts/run_public_fixed_scale095_lowcf050.py,py,14591
scripts/run_public_fixed_scale097_lowcf025.py,py,14059
scripts/run_public_scale097_within_run_smoothing.py,py,23382
scripts/run_raw_attention_sficr_fixed_average.py,py,19288
scripts/run_raw_attention_sficr_fixed_average_g2_rescue.py,py,26572
scripts/run_raw_grid_wind_lgb.py,py,54909
scripts/run_raw_spatial_grid_temporal_cnn.py,py,23912
scripts/run_raw_spatial_grid_temporal_cnn_scada_multitask.py,py,32956
scripts/run_raw_spatiotemporal_attention.py,py,23299
scripts/run_raw_spatiotemporal_smooth_ficr.py,py,38494
scripts/run_raw_temporal_kernel.py,py,45192
scripts/run_raw_temporal_multioutput.py,py,47593
scripts/run_recency_decay.py,py,19268
scripts/run_residual_histogram_bayes.py,py,60130
scripts/run_robust_physical_core.py,py,30177
scripts/run_rolling_oof_stacking.py,py,43747
scripts/run_run_sequence_residual.py,py,43690
scripts/run_scada_aux_dev2023.py,py,19547
scripts/run_scada_latent_state_causal_student_pilot.py,py,37286
scripts/run_scada_physical_residual.py,py,42043
scripts/run_scada_soft_confidence_v2_code_only.py,py,10447
scripts/run_seasonal_wind_ridge.py,py,46642
scripts/run_shared_q07_multiseed.py,py,87240
scripts/run_smooth_ficr_g2_interval_utility_transfer.py,py,41416
scripts/run_smooth_ficr_objective.py,py,40914
scripts/run_spatial_v2_1500_audit.py,py,38827
scripts/run_spatial_v2_dev.py,py,19158
scripts/run_spatial_v2_postgate.py,py,23002
scripts/run_submission_lineage_v2.py,py,16327
scripts/run_target_transform.py,py,37869
scripts/run_temporal_mlp.py,py,35315
scripts/run_turbine_scada_power.py,py,55159
scripts/run_turbine_spatial_supervised.py,py,56168
scripts/run_virtual_feature_exit.py,py,72427
scripts/run_weather_quantile_bayes.py,py,46085
scripts/run_year_quantile_map_audit.py,py,13912
scripts/run_year_quantile_map_transfer.py,py,26553
scripts/seal_noaa_gfs_multiseason_decode_recovery_v1.py,py,51226
scripts/seal_noaa_gfs_multiseason_decode_recovery_v2.py,py,63266
scripts/seal_noaa_gfs_multiseason_postrun_audit_v3.py,py,47629
scripts/seal_noaa_gfs_multiseason_postrun_audit_v4.py,py,58029
scripts/seal_noaa_gfs_multiseason_postrun_audit_v5.py,py,76117
scripts/seal_noaa_gfs_multiseason_postrun_audit_v6.py,py,95744
scripts/seal_noaa_gfs_multiseason_postrun_audit_v7.py,py,111724
scripts/seal_noaa_gfs_multiseason_postrun_audit_v8.py,py,152493
scripts/seal_noaa_gfs_multiseason_raw_preflight_amendment_v2.py,py,5698
scripts/seal_noaa_gfs_multiseason_raw_preflight_amendment_v3.py,py,5133
scripts/seal_noaa_gfs_multiseason_raw_preflight_amendment_v4.py,py,13107
scripts/seal_noaa_gfs_multiseason_raw_preflight_amendment_v5.py,py,6796
scripts/seal_noaa_gfs_multiseason_raw_preflight_v2.py,py,13018
scripts/seal_noaa_gfs_target_free_duplicate_v3.py,py,209197
scripts/seal_noaa_gfs_target_free_duplicate_v5.py,py,238221
scripts/seal_phase_a_receipt_amendment_v2.py,py,5389
scripts/train_dev.py,py,22314
scripts/train_final.py,py,2972
scripts/train_shared_cf_fix.py,py,18819
src/action_uplift_policy.py,py,18999
src/analog_run.py,py,12032
src/catboost_multiquantile.py,py,19287
src/champion_reconstruction.py,py,7288
src/compact_physics_extratrees.py,py,15670
src/copernicus_dem_exposure.py,py,11992
src/covariate_shift_pruning.py,py,7018
src/cv.py,py,3099
src/density_ratio.py,py,10259
src/direct_interval_probability.py,py,18131
src/direct_interval_selective_scale.py,py,7709
src/esa_worldcover_landcover.py,py,4938
src/evidence_claims.py,py,11254
src/exact_component_maximin.py,py,15162
src/external_provenance.py,py,31486
src/features.py,py,34098
src/final_training.py,py,44438
src/forest_leaf_empirical_bayes.py,py,17256
src/full_weather_ordinal_bayes.py,py,16360
src/full_weather_residual_pmf.py,py,13487
src/gwa3_static_resource.py,py,5233
src/jma_paired_increment.py,py,8706
src/lead_time_experts.py,py,12194
src/manifest.py,py,6923
src/metric.py,py,7248
src/models.py,py,29194
src/multi_nwp_agreement_gate.py,py,3659
src/multi_nwp_ficr_boundary_router.py,py,12921
src/multi_nwp_joint.py,py,6807
src/nested_timeseries_hpo.py,py,12872
src/noaa_gfs_decode_recovery.py,py,26415
src/noaa_gfs_decode_recovery_bootstrap.py,py,19671
src/noaa_gfs_provenance.py,py,6960
src/official_rf_baseline.py,py,18892
src/postprocess.py,py,32661
src/probabilistic.py,py,21003
src/pseudo_transfer.py,py,23251
src/public_group_scale_probe.py,py,2747
src/public_scale_probe.py,py,6701
src/raw_grid_wind.py,py,17944
src/raw_spatial_grid_temporal_cnn.py,py,24115
src/raw_spatial_grid_temporal_cnn_scada_multitask.py,py,23397
src/raw_spatiotemporal_attention.py,py,28092
src/raw_spatiotemporal_smooth_ficr.py,py,17448
src/raw_temporal_kernel.py,py,17171
src/raw_temporal_multioutput.py,py,20028
src/recency.py,py,2690
src/residual_histogram_bayes.py,py,18542
src/rolling_stacking.py,py,13491
src/run_sequence_residual.py,py,14776
src/scada.py,py,31139
src/scada_latent_state_pilot.py,py,8516
src/scada_soft_confidence_v2.py,py,3710
src/score_aware_correlation_map.py,py,56669
src/seasonal_wind_ridge.py,py,13978
src/smooth_ficr_objective.py,py,13130
src/spatial_v2.py,py,35105
src/submission_composition.py,py,3484
src/submission_lineage.py,py,12529
src/target_transform.py,py,10424
src/temporal.py,py,3289
src/temporal_mlp.py,py,13065
src/virtual_feature_exit.py,py,13892
src/weather_quantile.py,py,13206
src/__init__.py,py,69
src/baram_breakthrough/cutoff.py,py,914
src/baram_breakthrough/headroom.py,py,5554
src/baram_breakthrough/metric.py,py,2249
src/baram_breakthrough/paths.py,py,1929
src/baram_breakthrough/__init__.py,py,161
tests/test_action_uplift_policy.py,py,12502
tests/test_analog_run.py,py,4894
tests/test_audit_noaa_gfs_target_free_duplicate_v3.py,py,102229
tests/test_audit_noaa_gfs_target_free_duplicate_v5.py,py,109443
tests/test_breakthrough_cutoff.py,py,609
tests/test_breakthrough_headroom.py,py,2111
tests/test_breakthrough_metric_official_parity.py,py,726
tests/test_catboost_multiquantile_bayes.py,py,10772
tests/test_catboost_residual_multiquantile_bayes.py,py,15654
tests/test_champion_reconstruction.py,py,1188
tests/test_compact_physics_extratrees.py,py,9173
tests/test_compact_physics_extratrees_runner.py,py,4879
tests/test_copernicus_dem_directional_exposure.py,py,6881
tests/test_covariate_shift_feature_pruning_v2.py,py,7242
tests/test_covariate_shift_feature_pruning_v3.py,py,5930
tests/test_covariate_shift_pruning.py,py,7177
tests/test_cutoff_compliance.py,py,3652
tests/test_daily_energy_ratio_g12.py,py,3695
tests/test_density_ratio.py,py,3193
tests/test_direct_interval_g2_posthoc_rescue.py,py,4215
tests/test_direct_interval_g2_posthoc_rescue_v5.py,py,3887
tests/test_direct_interval_probability.py,py,7291
tests/test_direct_interval_probability_runner.py,py,3794
tests/test_direct_interval_scale097_margin0.py,py,3252
tests/test_direct_interval_scale097_margin001.py,py,2811
tests/test_direct_interval_selective_scale.py,py,4749
tests/test_direct_interval_selective_transfer_runner.py,py,3051
tests/test_ecmwf_ifs025_paired_increment.py,py,3222
tests/test_esa_worldcover_landcover.py,py,1522
tests/test_exact_component_maximin.py,py,8565
tests/test_feature_exit_nonwind_cap025143_scale097_overlay.py,py,35463
tests/test_feature_exit_nonwind_cap025143_scale097_overlay_auditor.py,py,21212
tests/test_feature_exit_nonwind_cap025143_scale097_overlay_root.py,py,7965
tests/test_ficr_bayes_decision_strict.py,py,11585
tests/test_final_training.py,py,3164
tests/test_forest_leaf_empirical_bayes.py,py,5139
tests/test_forest_leaf_empirical_bayes_runner.py,py,3813
tests/test_full_feature_year_qm.py,py,3034
tests/test_full_weather_ordinal_bayes.py,py,6670
tests/test_full_weather_ordinal_bayes_runner.py,py,4899
tests/test_full_weather_ordinal_bayes_stage2_final.py,py,6061
tests/test_full_weather_residual_pmf.py,py,5268
tests/test_full_weather_residual_pmf_runner.py,py,3699
tests/test_g3_pseudo_strict.py,py,2464
tests/test_gfs_global_revision_paired_increment.py,py,9090
tests/test_gwa3_static_resource_v2.py,py,5178
tests/test_icon_global_paired_increment.py,py,7618
tests/test_jma_gsm_paired_increment.py,py,17385
tests/test_lead_time_experts.py,py,5208
tests/test_long_lead_scale095.py,py,2712
tests/test_metric.py,py,4110
tests/test_model_zoo_diversity.py,py,2349
tests/test_multi_nwp_agreement_gate.py,py,2025
tests/test_multi_nwp_consensus_g23_rescue.py,py,4586
tests/test_multi_nwp_ficr_boundary_router.py,py,2018
tests/test_multi_nwp_joint.py,py,2149
tests/test_multi_nwp_joint_final.py,py,974
tests/test_nested_timeseries_hpo.py,py,6056
tests/test_neural_interval_utility_transfer.py,py,5507
tests/test_noaa_gefs_operational_spread_00z_census_v2.py,py,5304
tests/test_noaa_gefs_operational_spread_00z_census_v2_postrun.py,py,7070
tests/test_noaa_gefs_operational_spread_00z_paired_increment_v10.py,py,10423
tests/test_noaa_gefs_operational_spread_00z_paired_increment_v10_postrun.py,py,6476
tests/test_noaa_gefs_operational_spread_00z_paired_increment_v12.py,py,14197
tests/test_noaa_gefs_operational_spread_00z_paired_increment_v12_model.py,py,8427
tests/test_noaa_gefs_operational_spread_00z_paired_increment_v12_model_postrun.py,py,3935
tests/test_noaa_gefs_operational_spread_00z_paired_increment_v12_postrun.py,py,2322
tests/test_noaa_gefs_operational_spread_00z_paired_increment_v2.py,py,14012
tests/test_noaa_gefs_operational_spread_00z_paired_increment_v2_postrun.py,py,7464
tests/test_noaa_gefs_operational_spread_00z_paired_increment_v7.py,py,10120
tests/test_noaa_gefs_operational_spread_00z_paired_increment_v7_postrun.py,py,5812
tests/test_noaa_gefs_operational_spread_upperair_census_v1.py,py,8970
tests/test_noaa_gfs_decode_recovery.py,py,10234
tests/test_noaa_gfs_decode_recovery_bootstrap.py,py,14575
tests/test_noaa_gfs_multiseason_census_v2.py,py,4775
tests/test_noaa_gfs_multiseason_decode_recovery_runner_v1.py,py,28195
tests/test_noaa_gfs_multiseason_decode_recovery_runner_v2.py,py,41803
tests/test_noaa_gfs_multiseason_preregister_amendment_v2.py,py,2959
tests/test_noaa_gfs_multiseason_preregister_v2.py,py,2783
tests/test_noaa_gfs_multiseason_raw_postrun_v1.py,py,120044
tests/test_noaa_gfs_multiseason_raw_postrun_v2.py,py,133607
tests/test_noaa_gfs_multiseason_raw_postrun_v3.py,py,171989
tests/test_noaa_gfs_multiseason_raw_postrun_v4.py,py,188022
tests/test_noaa_gfs_multiseason_raw_postrun_v5.py,py,228289
tests/test_noaa_gfs_multiseason_raw_postrun_v6.py,py,278146
tests/test_noaa_gfs_multiseason_raw_postrun_v7.py,py,321992
tests/test_noaa_gfs_multiseason_raw_postrun_v8.py,py,380982
tests/test_noaa_gfs_multiseason_raw_preflight_amendment_v2.py,py,2525
tests/test_noaa_gfs_multiseason_raw_preflight_amendment_v3.py,py,1911
tests/test_noaa_gfs_multiseason_raw_preflight_amendment_v4.py,py,4834
tests/test_noaa_gfs_multiseason_raw_preflight_amendment_v5.py,py,3126
tests/test_noaa_gfs_multiseason_raw_preflight_v2.py,py,2252
tests/test_noaa_gfs_multiseason_raw_v2.py,py,34714
tests/test_noaa_gfs_provenance_pilot.py,py,6767
tests/test_noaa_gfs_target_free_duplicate_v3.py,py,135307
tests/test_noaa_gfs_target_free_duplicate_v5.py,py,150536
tests/test_noaa_gfs_track_a_decoder_v3.py,py,2037
tests/test_noaa_gfs_track_a_phase_c_placeholders.py,py,2723
tests/test_noaa_isd_synop_lags.py,py,2568
tests/test_no_public_selector.py,py,1005
tests/test_official_rf_baseline.py,py,9053
tests/test_official_rf_baseline_runner.py,py,6240
tests/test_probabilistic.py,py,3472
tests/test_pseudo_transfer.py,py,7840
tests/test_public_adaptive_scale097_ficr_g1_delta.py,py,5104
tests/test_public_adaptive_scale097_g1g3_g2rescue.py,py,4273
tests/test_public_adaptive_scale097_g2_delta.py,py,4266
tests/test_public_adaptive_scale097_neural_fixed_delta_diagnostic.py,py,3740
tests/test_public_feedback_midnight_plan_audit.py,py,2911
tests/test_public_fixed_scale095_highcf050.py,py,3715
tests/test_public_fixed_scale095_lowcf025.py,py,3385
tests/test_public_fixed_scale095_lowcf025_g1g3_rescue.py,py,2776
tests/test_public_fixed_scale095_lowcf050.py,py,2697
tests/test_public_fixed_scale097_lowcf025.py,py,2843
tests/test_public_global_scalar_bracket_096_098.py,py,3033
tests/test_public_group_scale095_probe.py,py,3412
tests/test_public_group_scale_probe.py,py,4814
tests/test_public_scale097_within_run_smoothing.py,py,3479
tests/test_public_scale_probe.py,py,3097
tests/test_raw_attention_sficr_fixed_average.py,py,5150
tests/test_raw_attention_sficr_fixed_average_g2_rescue.py,py,7056
tests/test_raw_grid_wind.py,py,11691
tests/test_raw_spatial_grid_temporal_cnn.py,py,6528
tests/test_raw_spatial_grid_temporal_cnn_runner.py,py,3302
tests/test_raw_spatial_grid_temporal_cnn_scada_multitask.py,py,4977
tests/test_raw_spatial_grid_temporal_cnn_scada_multitask_runner.py,py,2428
tests/test_raw_spatiotemporal_attention.py,py,5872
tests/test_raw_spatiotemporal_attention_runner.py,py,3301
tests/test_raw_spatiotemporal_smooth_ficr.py,py,6576
tests/test_raw_spatiotemporal_smooth_ficr_runner.py,py,6030
tests/test_raw_temporal_kernel.py,py,7374
tests/test_raw_temporal_kernel_runner.py,py,7181
tests/test_raw_temporal_multioutput.py,py,8191
tests/test_raw_temporal_multioutput_runner.py,py,7227
tests/test_recency.py,py,1370
tests/test_record_public_group_scale095_feedback.py,py,2790
tests/test_record_public_group_scale_feedback.py,py,15951
tests/test_record_public_scale_092_095_feedback_hybrid.py,py,7214
tests/test_record_public_scale_feedback.py,py,4570
tests/test_residual_histogram_bayes.py,py,7937
tests/test_robust_physical_core.py,py,2725
tests/test_rolling_stacking.py,py,11066
tests/test_run_sequence_residual.py,py,5647
tests/test_scada_latent_state_pilot.py,py,2906
tests/test_scada_physical_residual.py,py,4060
tests/test_scada_soft_confidence_v2.py,py,4497
tests/test_score_aware_correlation_map.py,py,7326
tests/test_seal_noaa_gfs_multiseason_decode_recovery_v1.py,py,14488
tests/test_seal_noaa_gfs_multiseason_decode_recovery_v2.py,py,18552
tests/test_seal_noaa_gfs_multiseason_postrun_audit_v3.py,py,26503
tests/test_seal_noaa_gfs_multiseason_postrun_audit_v4.py,py,40506
tests/test_seal_noaa_gfs_multiseason_postrun_audit_v5.py,py,39039
tests/test_seal_noaa_gfs_multiseason_postrun_audit_v6.py,py,59845
tests/test_seal_noaa_gfs_multiseason_postrun_audit_v7.py,py,72796
tests/test_seal_noaa_gfs_multiseason_postrun_audit_v8.py,py,40072
tests/test_seal_noaa_gfs_target_free_duplicate_v3.py,py,107257
tests/test_seal_noaa_gfs_target_free_duplicate_v5.py,py,117601
tests/test_seasonal_wind_ridge.py,py,6104
tests/test_shared_q07_multiseed.py,py,13868
tests/test_smooth_ficr_g2_interval_utility_transfer.py,py,6652
tests/test_smooth_ficr_objective.py,py,12008
tests/test_submission_composition.py,py,2381
tests/test_target_transform.py,py,5899
tests/test_temporal.py,py,1095
tests/test_temporal_mlp.py,py,5073
tests/test_turbine_scada_power.py,py,3758
tests/test_turbine_spatial_supervised.py,py,5994
tests/test_virtual_feature_exit.py,py,2666
tests/test_virtual_feature_exit_runner.py,py,10416
tests/test_weather_quantile_bayes.py,py,10886
tests/test_year_quantile_map.py,py,3853
tests/__init__.py,py,47
